Period_Date,NHS_Region,Total_Qty_mL,Total_Cost_GBP,Total_Vials,Trusts,Vials_Per_Day
2019-04-01,East of England,14280.0,113125.9,1492.0,6,49.7
2019-04-01,London,65596.0,515214.88,4560.0,27,152.0
2019-04-01,Midlands,46268.0,363491.59,3245.0,21,108.2
2019-04-01,North East & Yorkshire,33732.0,266586.24,2527.0,20,84.2
2019-04-01,North West,48062.0,377722.02999999997,3731.4,20,124.4
2019-04-01,South East,38800.0,301537.33,2315.0,22,77.2
2019-04-01,South West,17426.0,138866.45,1462.0,13,48.7
2019-05-01,East of England,16190.0,128346.23,1628.0,7,52.5
2019-05-01,London,73680.0,578327.87,5057.0,27,163.1
2019-05-01,Midlands,54714.0,430314.79,3926.0,21,126.6
2019-05-01,North East & Yorkshire,34470.0,272698.92,2667.0,18,86.0
2019-05-01,North West,55641.0,437093.06,4261.9,21,137.5
2019-05-01,South East,45228.0,351638.06,2737.0,24,88.3
2019-05-01,South West,15324.0,121697.62,1218.0,11,39.3
2019-06-01,East of England,13796.0,109529.65,1235.0,7,41.2
2019-06-01,London,69992.0,549242.89,4754.0,27,158.5
2019-06-01,Midlands,49252.0,386756.14999999997,3455.0,20,115.2
2019-06-01,North East & Yorkshire,30738.0,242444.67,2282.0,19,76.1
2019-06-01,North West,49150.0,385692.73,3496.6,20,116.6
2019-06-01,South East,40014.0,311635.76,2476.0,22,82.5
2019-06-01,South West,16858.0,134003.85,1379.0,10,46.0
2019-07-01,East of England,17830.0,141763.21,1489.0,6,48.0
2019-07-01,London,81264.0,637655.51,5518.0,27,178.0
2019-07-01,Midlands,59172.0,465217.65,4213.0,22,135.9
2019-07-01,North East & Yorkshire,36398.0,286943.11,2714.0,20,87.5
2019-07-01,North West,57782.0,452545.87,3969.4,21,128.0
2019-07-01,South East,48018.0,373984.77,2951.0,26,95.2
2019-07-01,South West,19424.0,154556.35,1624.0,12,52.4
2019-08-01,East of England,13248.0,105031.65,1075.0,6,34.7
2019-08-01,London,69082.0,542137.92,4726.0,26,152.5
2019-08-01,Midlands,53552.0,421156.29,3815.0,22,123.1
2019-08-01,North East & Yorkshire,31422.0,247597.91,2375.0,22,76.6
2019-08-01,North West,49269.0,385609.54,3312.3,21,106.8
2019-08-01,South East,40376.0,314760.35,2520.0,23,81.3
2019-08-01,South West,16086.0,127606.23,1269.0,10,40.9
2019-09-01,East of England,13958.0,110819.41,1133.0,7,37.8
2019-09-01,London,70988.0,556473.12,4807.0,29,160.2
2019-09-01,Midlands,50806.0,398784.58,3652.0,19,121.7
2019-09-01,North East & Yorkshire,30770.0,242256.45,2191.0,21,73.0
2019-09-01,North West,47426.0,371379.73,3177.2,20,105.9
2019-09-01,South East,41122.0,320206.99,2518.0,23,83.9
2019-09-01,South West,14940.0,118872.01999999999,1258.0,10,41.9
2019-10-01,East of England,16580.0,144292.86,1276.0,7,41.2
2019-10-01,London,80940.0,671628.08,5465.0,28,176.3
2019-10-01,Midlands,58294.0,486386.91,4046.0,21,130.5
2019-10-01,North East & Yorkshire,36470.0,307226.12,2640.0,21,85.2
2019-10-01,North West,45858.0,378889.53,3093.0,20,99.8
2019-10-01,South East,49439.0,398171.37,3030.5,22,97.8
2019-10-01,South West,20776.0,182079.85,1759.0,11,56.7
2019-11-01,East of England,13980.0,122220.61,1091.0,6,36.4
2019-11-01,London,72034.0,595448.15,4818.0,27,160.6
2019-11-01,Midlands,59274.0,493740.11,4026.0,22,134.2
2019-11-01,North East & Yorkshire,35200.0,299390.0,2580.0,19,86.0
2019-11-01,North West,44734.0,369370.49,2994.0,21,99.8
2019-11-01,South East,46624.0,371351.5,2727.6,26,90.9
2019-11-01,South West,18554.0,162262.08,1503.0,11,50.1
2019-12-01,East of England,15210.0,133121.4,1191.0,6,38.4
2019-12-01,London,74412.0,615510.61,4947.0,28,159.6
2019-12-01,Midlands,57286.0,476409.36,4037.0,22,130.2
2019-12-01,North East & Yorkshire,33192.0,281684.4,2456.0,21,79.2
2019-12-01,North West,42168.0,348946.66,2914.0,19,94.0
2019-12-01,South East,43906.0,352233.82,2662.6,26,85.9
2019-12-01,South West,17208.0,151062.43,1423.0,13,45.9
2020-01-01,East of England,14660.0,126618.72,1102.0,6,35.5
2020-01-01,London,85061.6,699491.15,5535.6,28,178.6
2020-01-01,Midlands,59948.0,495801.18,4072.0,24,131.4
2020-01-01,North East & Yorkshire,31820.0,268471.49,2259.0,19,72.9
2020-01-01,North West,45596.0,375800.86,3072.0,20,99.1
2020-01-01,South East,48249.0,386245.16,2885.1,22,93.1
2020-01-01,South West,21870.0,184700.61,1590.0,11,51.3
2020-02-01,East of England,14790.0,126757.12,1137.0,6,39.2
2020-02-01,London,82676.0,681268.15,5409.0,30,186.5
2020-02-01,Midlands,63880.0,529674.78,4370.0,22,150.7
2020-02-01,North East & Yorkshire,31734.0,263936.42,2155.0,17,74.3
2020-02-01,North West,44114.0,363523.02999999997,2942.0,20,101.4
2020-02-01,South East,45178.0,361439.82,2676.2,24,92.3
2020-02-01,South West,19006.0,162901.68,1425.0,10,49.1
2020-03-01,East of England,12530.0,105688.90000000001,873.0,6,28.2
2020-03-01,London,68368.0,561504.18,4454.0,30,143.7
2020-03-01,Midlands,54176.0,450165.24,3704.0,24,119.5
2020-03-01,North East & Yorkshire,28742.0,242643.28,2117.0,19,68.3
2020-03-01,North West,41526.0,342925.87,2840.0,19,91.6
2020-03-01,South East,43877.0,353170.28,2665.5,24,86.0
2020-03-01,South West,16604.0,142168.78,1260.0,11,40.6
2020-04-01,East of England,7420.0,61264.03,481.0,5,16.0
2020-04-01,London,32042.0,261656.48,2031.0,26,67.7
2020-04-01,Midlands,28368.0,232452.98,1870.0,23,62.3
2020-04-01,North East & Yorkshire,11146.0,90522.89,704.0,17,23.5
2020-04-01,North West,23576.0,192977.05,1549.0,19,51.6
2020-04-01,South East,23820.0,189828.52,1392.4,22,46.4
2020-04-01,South West,11228.0,96895.03,857.0,9,28.6
2020-05-01,East of England,8520.0,70996.86,578.0,6,18.6
2020-05-01,London,53064.0,429985.44,3308.0,30,106.7
2020-05-01,Midlands,44010.0,356462.78,2709.0,22,87.4
2020-05-01,North East & Yorkshire,21106.0,175087.9,1453.0,20,46.9
2020-05-01,North West,33060.0,271304.84,2274.0,18,73.4
2020-05-01,South East,29936.0,237352.4,1729.6,23,55.8
2020-05-01,South West,13384.0,115094.78,1018.0,10,32.8
2020-06-01,East of England,14370.0,120245.76,975.0,6,32.5
2020-06-01,London,69271.0,562075.2,4286.1,30,142.9
2020-06-01,Midlands,59524.0,484949.53,3739.0,23,124.6
2020-06-01,North East & Yorkshire,27200.0,224754.96,1816.0,20,60.5
2020-06-01,North West,43196.0,354572.28,2930.0,19,97.7
2020-06-01,South East,37836.0,302060.56,2208.4,23,73.6
2020-06-01,South West,16818.0,136968.79,1106.0,11,36.9
2020-07-01,East of England,16254.0,137943.8,1161.0,7,37.5
2020-07-01,London,78770.0,643267.22,4965.0,30,160.2
2020-07-01,Midlands,67102.0,547170.91,4248.0,23,137.0
2020-07-01,North East & Yorkshire,29338.0,242231.26,1989.0,21,64.2
2020-07-01,North West,46766.0,381863.33,3086.0,19,99.5
2020-07-01,South East,44846.0,358085.37,2621.2,24,84.6
2020-07-01,South West,19608.0,159017.04,1232.0,11,39.7
2020-08-01,East of England,15950.0,134415.51,1108.0,6,35.7
2020-08-01,London,74356.2,608800.36,4769.4,30,153.9
2020-08-01,Midlands,59124.0,484843.3,3812.0,21,123.0
2020-08-01,North East & Yorkshire,23400.0,197767.77,1677.0,20,54.1
2020-08-01,North West,40906.0,335019.29,2748.0,19,88.6
2020-08-01,South East,40480.0,320839.24,2350.4,24,75.8
2020-08-01,South West,15730.0,126100.38,957.0,9,30.9
2020-09-01,East of England,16910.0,142958.42,1191.0,7,39.7
2020-09-01,London,80346.0,655229.34,5061.0,31,168.7
2020-09-01,Midlands,61222.0,497745.82,3883.0,24,129.4
2020-09-01,North East & Yorkshire,32202.0,271420.96,2283.0,21,76.1
2020-09-01,North West,45702.0,373871.56,2949.0,18,98.3
2020-09-01,South East,41048.0,324792.83999999997,2378.4,24,79.3
2020-09-01,South West,20746.0,167531.66,1281.0,12,42.7
2020-10-01,East of England,16100.0,135921.55,1189.0,6,38.4
2020-10-01,London,84502.0,692455.55,5472.0,31,176.5
2020-10-01,Midlands,61750.0,507972.79,4056.0,24,130.8
2020-10-01,North East & Yorkshire,29234.0,243922.27,2018.0,18,65.1
2020-10-01,North West,43146.0,352587.21,2788.0,20,89.9
2020-10-01,South East,38106.0,300925.29,2151.2,22,69.4
2020-10-01,South West,18696.0,151520.84999999998,1161.0,10,37.5
2020-11-01,East of England,15700.0,130630.75,1073.0,7,35.8
2020-11-01,London,84916.0,696188.63,5517.0,30,183.9
2020-11-01,Midlands,54442.0,444873.53,3460.0,22,115.3
2020-11-01,North East & Yorkshire,28890.0,239386.89,1920.0,21,64.0
2020-11-01,North West,45830.0,376270.6,3009.0,19,100.3
2020-11-01,South East,39659.0,313807.63,2232.7,22,74.4
2020-11-01,South West,19296.0,155780.05,1221.0,10,40.7
2020-12-01,East of England,17920.0,149331.39,1211.0,7,39.1
2020-12-01,London,79526.3,647548.29,5082.2,31,163.9
2020-12-01,Midlands,58506.0,480890.21,3876.0,20,125.0
2020-12-01,North East & Yorkshire,26854.0,222590.53,1794.0,21,57.9
2020-12-01,North West,44646.0,366544.51,2972.0,19,95.9
2020-12-01,South East,41300.0,330030.73,2453.4,22,79.1
2020-12-01,South West,19452.0,154769.49,1131.0,11,36.5
2021-01-01,East of England,14052.0,116216.07,917.0,7,29.6
2021-01-01,London,60454.0,491440.98,3827.0,30,123.5
2021-01-01,Midlands,49348.0,403028.28,3102.0,22,100.1
2021-01-01,North East & Yorkshire,24684.0,204036.46,1680.0,20,54.2
2021-01-01,North West,42496.0,346820.95,2755.0,19,88.9
2021-01-01,South East,31130.0,247615.22999999998,1790.8,22,57.8
2021-01-01,South West,14640.0,116830.75,887.0,12,28.6
2021-02-01,East of England,14878.0,122670.34,967.0,7,34.5
2021-02-01,London,69436.0,561555.0599999999,4272.0,29,152.6
2021-02-01,Midlands,56848.0,468108.22,3706.0,25,132.4
2021-02-01,North East & Yorkshire,26562.0,219544.54,1769.0,20,63.2
2021-02-01,North West,41554.0,338376.4,2663.0,19,95.1
2021-02-01,South East,38978.0,310061.83,2257.2,24,80.6
2021-02-01,South West,19046.0,151443.74,1139.0,10,40.7
2021-03-01,East of England,20460.0,169506.91999999998,1346.0,6,43.4
2021-03-01,London,94914.0,771115.1,5969.0,30,192.5
2021-03-01,Midlands,70172.0,574834.76,4542.0,26,146.5
2021-03-01,North East & Yorkshire,34180.0,284537.97,2339.0,21,75.5
2021-03-01,North West,52772.0,431057.69,3455.0,19,111.5
2021-03-01,South East,48198.0,382963.59,2750.4,25,88.7
2021-03-01,South West,21596.0,172229.55,1289.0,9,41.6
2021-04-01,East of England,20630.0,171755.51,1376.0,7,45.9
2021-04-01,London,95090.0,776289.05,6056.0,29,201.9
2021-04-01,Midlands,67308.0,551123.79,4377.0,21,145.9
2021-04-01,North East & Yorkshire,34572.0,285744.44,2278.0,19,75.9
2021-04-01,North West,55084.0,450379.54,3572.0,19,119.1
2021-04-01,South East,44974.0,358131.13,2622.8,23,87.4
2021-04-01,South West,22430.0,177914.51,1300.0,10,43.3
2021-05-01,East of England,19524.0,160568.12,1254.0,8,40.5
2021-05-01,London,100138.0,813282.6,6259.0,28,201.9
2021-05-01,Midlands,69552.0,568435.75,4451.0,23,143.6
2021-05-01,North East & Yorkshire,36892.0,306061.94,2496.0,19,80.5
2021-05-01,North West,54380.0,444024.04000000004,3482.0,19,112.3
2021-05-01,South East,46849.0,371882.37,2674.1,23,86.3
2021-05-01,South West,22692.0,180674.0,1342.0,10,43.3
2021-06-01,East of England,23150.0,194497.79,1592.0,10,53.1
2021-06-01,London,108208.0,880533.51,6807.0,30,226.9
2021-06-01,Midlands,75750.0,621669.91,4896.0,23,163.2
2021-06-01,North East & Yorkshire,40032.0,331526.23,2727.0,19,90.9
2021-06-01,North West,56480.0,461247.75,3703.0,19,123.4
2021-06-01,South East,48871.0,387625.77999999997,2820.9,23,94.0
2021-06-01,South West,23578.0,187333.57,1388.0,9,46.3
2021-07-01,East of England,22120.0,184440.67,1483.0,7,47.8
2021-07-01,London,107080.0,865642.87,6543.0,30,211.1
2021-07-01,Midlands,72008.0,589574.04,4744.0,23,153.0
2021-07-01,North East & Yorkshire,35666.0,295162.58,2389.0,20,77.1
2021-07-01,North West,56610.0,461680.31,3674.0,19,118.5
2021-07-01,South East,48821.0,387736.6,2807.9,22,90.6
2021-07-01,South West,24342.0,194004.68,1421.0,11,45.8
2021-08-01,East of England,17510.0,144423.1,1131.0,6,36.5
2021-08-01,London,90918.0,734865.34,5643.0,29,182.0
2021-08-01,Midlands,66612.0,543925.44,4290.0,24,138.4
2021-08-01,North East & Yorkshire,29970.0,248818.41,2076.0,21,67.0
2021-08-01,North West,51738.0,420852.06,3325.0,19,107.3
2021-08-01,South East,45015.0,358228.52,2618.9,21,84.5
2021-08-01,South West,22586.0,180654.49,1380.0,9,44.5
2021-09-01,East of England,20956.0,173581.86,1380.0,7,46.0
2021-09-01,London,93422.0,754697.0700000001,5768.0,31,192.3
2021-09-01,Midlands,67462.0,552925.42,4387.0,24,146.2
2021-09-01,North East & Yorkshire,33826.0,278693.68,2271.0,20,75.7
2021-09-01,North West,51858.0,423579.17,3380.0,20,112.7
2021-09-01,South East,44338.0,353748.75,2606.0,22,86.9
2021-09-01,South West,22588.0,179607.26,1324.0,10,44.1
2021-10-01,East of England,19086.0,154362.87,1156.0,7,37.3
2021-10-01,London,92574.0,752408.33,5778.0,30,186.4
2021-10-01,Midlands,66220.0,540365.6900000001,4199.0,24,135.5
2021-10-01,North East & Yorkshire,31992.0,261289.29,2077.0,19,67.0
2021-10-01,North West,47536.0,386275.23,3075.0,18,99.2
2021-10-01,South East,43560.0,345289.29,2470.6,22,79.7
2021-10-01,South West,22708.0,180973.88,1354.0,9,43.7
2021-11-01,East of England,19250.0,153612.56,1103.0,8,36.8
2021-11-01,London,96456.0,783304.0700000001,6103.0,30,203.4
2021-11-01,Midlands,68856.0,563259.75,4459.0,24,148.6
2021-11-01,North East & Yorkshire,35146.0,287585.91,2262.0,18,75.4
2021-11-01,North West,52314.0,423852.5,3333.0,18,111.1
2021-11-01,South East,48602.0,388586.75,2866.8,23,95.6
2021-11-01,South West,24802.0,196375.33,1448.0,11,48.3
2021-12-01,East of England,21370.0,171578.82,1253.0,7,40.4
2021-12-01,London,95250.0,775353.46,6013.0,30,194.0
2021-12-01,Midlands,68102.0,552565.9,4251.0,22,137.1
2021-12-01,North East & Yorkshire,34770.0,286899.94,2329.0,20,75.1
2021-12-01,North West,48808.0,395996.01,3097.0,17,99.9
2021-12-01,South East,46370.0,369881.82,2733.8,23,88.2
2021-12-01,South West,22302.0,177795.21,1306.0,10,42.1
2022-01-01,East of England,19190.0,152120.31,1072.0,6,34.6
2022-01-01,London,84934.0,685991.39,5172.0,31,166.8
2022-01-01,Midlands,65852.0,536336.51,4145.0,23,133.7
2022-01-01,North East & Yorkshire,29800.0,245356.41,1969.0,20,63.5
2022-01-01,North West,49974.0,404042.63,3160.0,18,101.9
2022-01-01,South East,41381.0,328965.77999999997,2406.7,23,77.6
2022-01-01,South West,22764.0,180993.9,1336.0,9,43.1
2022-02-01,East of England,22576.0,179639.74,1282.0,8,45.8
2022-02-01,London,95086.0,770183.8,5905.0,30,210.9
2022-02-01,Midlands,71490.0,579001.33,4388.0,23,156.7
2022-02-01,North East & Yorkshire,32298.0,264138.05,2072.0,20,74.0
2022-02-01,North West,53158.0,430441.9,3319.0,18,118.5
2022-02-01,South East,44302.0,351860.61,2539.6,21,90.7
2022-02-01,South West,25426.0,203989.18,1561.0,10,55.8
2022-03-01,East of England,25080.0,199508.24,1420.0,6,45.8
2022-03-01,London,110954.0,901977.71,6970.0,30,224.8
2022-03-01,Midlands,77682.0,635119.79,4998.0,24,161.2
2022-03-01,North East & Yorkshire,37760.0,309313.85,2425.0,19,78.2
2022-03-01,North West,61732.0,499821.8,3850.0,19,124.2
2022-03-01,South East,50315.0,401489.51999999996,2967.3,24,95.7
2022-03-01,South West,24622.0,196421.29,1482.0,12,47.8
2022-04-01,East of England,20364.0,162670.15,1173.0,6,39.1
2022-04-01,London,103445.0,836076.42,6339.5,29,211.3
2022-04-01,Midlands,74634.0,610129.63,4782.0,24,159.4
2022-04-01,North East & Yorkshire,33132.0,268793.45,2071.0,19,69.0
2022-04-01,North West,55402.0,450769.0,3503.0,18,116.8
2022-04-01,South East,43096.0,343983.54,2567.6,24,85.6
2022-04-01,South West,23616.0,188137.71,1383.0,10,46.1
2022-05-01,East of England,26510.0,212061.64,1533.0,8,49.5
2022-05-01,London,115738.0,935861.74,7121.0,29,229.7
2022-05-01,Midlands,85986.0,703428.76,5563.0,25,179.5
2022-05-01,North East & Yorkshire,40012.0,326260.97,2591.0,20,83.6
2022-05-01,North West,63824.0,517263.26999999996,3959.0,19,127.7
2022-05-01,South East,50904.0,404577.33999999997,2943.6,25,95.0
2022-05-01,South West,29390.0,233829.52,1713.0,10,55.3
2022-06-01,East of England,23240.0,168752.0,1339.0,8,44.6
2022-06-01,London,113198.0,843548.9,7077.0,30,235.9
2022-06-01,Midlands,76996.0,581627.8,5020.0,24,167.3
2022-06-01,North East & Yorkshire,36728.0,275692.4,2346.0,20,78.2
2022-06-01,North West,59374.0,444279.7,3822.0,19,127.4
2022-06-01,South East,45450.0,330475.5,2682.2,23,89.4
2022-06-01,South West,26648.0,193198.4,1633.0,10,54.4
2022-07-01,East of England,23990.0,173106.5,1362.0,7,43.9
2022-07-01,London,104440.0,779242.0,6592.0,30,212.6
2022-07-01,Midlands,78946.0,598414.3,5149.0,23,166.1
2022-07-01,North East & Yorkshire,35052.0,261738.6,2226.0,20,71.8
2022-07-01,North West,60854.0,453013.7,3802.0,18,122.6
2022-07-01,South East,49054.0,359763.7,2975.6,22,96.0
2022-07-01,South West,25648.0,186618.4,1600.0,10,51.6
2022-08-01,East of England,24610.0,177677.5,1399.0,6,45.1
2022-08-01,London,107810.0,800625.5,6705.0,29,216.3
2022-08-01,Midlands,81548.0,613435.4,5232.0,24,168.8
2022-08-01,North East & Yorkshire,41094.0,309125.7,2676.0,19,86.3
2022-08-01,North West,59698.0,446131.9,3785.0,18,122.1
2022-08-01,South East,50432.0,365039.6,2981.0,24,96.2
2022-08-01,South West,29226.0,211770.3,1762.0,9,56.8
2022-09-01,East of England,22272.0,161883.6,1287.0,6,42.9
2022-09-01,London,101476.0,759305.8,6377.0,30,212.6
2022-09-01,Midlands,75198.0,560892.9,4695.0,23,156.5
2022-09-01,North East & Yorkshire,31272.0,233523.6,1966.0,17,65.5
2022-09-01,North West,54342.0,407726.1,3539.0,18,118.0
2022-09-01,South East,43202.0,312409.1,2498.0,24,83.3
2022-09-01,South West,24988.0,182313.4,1535.0,10,51.2
2022-10-01,East of England,23040.0,167706.0,1335.0,7,43.1
2022-10-01,London,110580.0,823299.0,6928.0,29,223.5
2022-10-01,Midlands,80502.0,602906.1,5059.0,24,163.2
2022-10-01,North East & Yorkshire,32202.0,241109.1,2043.0,18,65.9
2022-10-01,North West,59357.0,443958.05,3883.0,18,125.3
2022-10-01,South East,52242.0,384485.1,3166.0,24,102.1
2022-10-01,South West,27148.0,195273.4,1581.0,11,51.0
2022-11-01,East of England,25012.0,180382.6,1419.0,6,47.3
2022-11-01,London,114852.0,856212.6,7186.0,31,239.5
2022-11-01,Midlands,84504.0,636103.2,5371.0,25,179.0
2022-11-01,North East & Yorkshire,37404.0,279826.2,2373.0,17,79.1
2022-11-01,North West,64242.0,480077.1,4210.0,18,140.3
2022-11-01,South East,54346.0,397234.3,3286.0,24,109.5
2022-11-01,South West,29822.0,216166.1,1784.0,11,59.5
2022-12-01,East of England,24420.0,177699.0,1414.0,7,45.6
2022-12-01,London,102752.0,775649.6,6648.0,30,214.5
2022-12-01,Midlands,69374.0,516613.7,4373.0,23,141.1
2022-12-01,North East & Yorkshire,33584.0,251337.2,2139.0,17,69.0
2022-12-01,North West,54316.0,404615.8,3605.0,18,116.3
2022-12-01,South East,45334.0,329151.7,2669.0,23,86.1
2022-12-01,South West,25806.0,185589.3,1532.0,11,49.4
2023-01-01,East of England,23704.0,169997.2,1328.0,8,42.8
2023-01-01,London,103026.0,768114.3,6441.0,30,207.8
2023-01-01,Midlands,75738.0,565779.9,4736.0,23,152.8
2023-01-01,North East & Yorkshire,32752.0,247549.6,2160.0,18,69.7
2023-01-01,North West,60468.0,448625.4,3908.0,18,126.1
2023-01-01,South East,48782.0,356788.1,2891.0,25,93.3
2023-01-01,South West,29602.0,214821.1,1772.0,11,57.2
2023-02-01,East of England,26360.0,209967.28,1500.0,8,53.6
2023-02-01,London,112390.0,917015.23,7160.0,30,255.7
2023-02-01,Midlands,81490.0,665124.98,5161.0,25,184.3
2023-02-01,North East & Yorkshire,34218.0,278760.27999999997,2195.0,19,78.4
2023-02-01,North West,57640.0,469825.39,3799.0,18,135.7
2023-02-01,South East,54306.0,434492.54000000004,3209.0,25,114.6
2023-02-01,South West,27468.0,218011.55,1601.0,10,57.2
2023-03-01,East of England,27590.0,217411.69,1506.0,7,48.6
2023-03-01,London,128366.0,1044545.66,8107.0,32,261.5
2023-03-01,Midlands,84820.0,685858.71,5205.0,24,167.9
2023-03-01,North East & Yorkshire,41386.0,338022.18,2733.0,17,88.2
2023-03-01,North West,66818.0,543208.53,4360.0,18,140.6
2023-03-01,South East,59658.0,477367.66,3501.0,25,112.9
2023-03-01,South West,33426.0,265313.48,1967.0,11,63.5
2023-04-01,East of England,24910.0,198399.52000000002,1417.0,7,47.2
2023-04-01,London,102016.0,830371.79,6415.0,32,213.8
2023-04-01,Midlands,74570.0,607974.09,4672.0,23,155.7
2023-04-01,North East & Yorkshire,35550.0,294018.01,2418.0,17,80.6
2023-04-01,North West,56052.0,456204.33,3723.0,18,124.1
2023-04-01,South East,50448.0,402980.29,2961.0,24,98.7
2023-04-01,South West,27300.0,218172.11000000002,1629.0,9,54.3
2023-05-01,East of England,26514.0,210996.74,1505.0,8,48.5
2023-05-01,London,131688.0,1077668.02,8434.0,31,272.1
2023-05-01,Midlands,79194.0,644264.51,4966.0,25,160.2
2023-05-01,North East & Yorkshire,36772.0,301055.08999999997,2439.0,18,78.7
2023-05-01,North West,67764.0,550330.79,4298.6,19,138.7
2023-05-01,South East,59638.0,478904.85,3550.0,24,114.5
2023-05-01,South West,31552.0,252564.58,1894.0,11,61.1
2023-06-01,East of England,29454.0,234955.5,1699.0,8,56.6
2023-06-01,London,133294.0,1084180.52,8337.0,30,277.9
2023-06-01,Midlands,94264.0,768584.6000000001,5896.0,23,196.5
2023-06-01,North East & Yorkshire,37512.0,305952.66,2406.0,18,80.2
2023-06-01,North West,68834.0,558754.91,4365.6,18,145.5
2023-06-01,South East,57482.0,461256.65,3408.0,23,113.6
2023-06-01,South West,35790.0,284764.23,2092.0,9,69.7
2023-07-01,East of England,25960.0,206698.83,1475.0,8,47.6
2023-07-01,London,122168.0,996937.31,7803.0,32,251.7
2023-07-01,Midlands,83670.0,677633.96,5109.0,24,164.8
2023-07-01,North East & Yorkshire,38316.0,315285.51,2529.0,19,81.6
2023-07-01,North West,60125.0,484971.35,3738.0,17,120.6
2023-07-01,South East,54208.0,436130.54,3242.0,23,104.6
2023-07-01,South West,37972.0,301337.01,2199.0,11,70.9
2023-08-01,East of England,26770.0,215537.43,1586.0,7,51.2
2023-08-01,London,117269.5,962217.2,7590.0,32,244.8
2023-08-01,Midlands,84442.0,685999.35,5266.0,24,169.9
2023-08-01,North East & Yorkshire,39784.0,323789.41,2557.0,17,82.5
2023-08-01,North West,59033.0,474597.9,3581.5,16,115.5
2023-08-01,South East,57168.0,459728.75,3427.0,23,110.5
2023-08-01,South West,36306.0,288846.32,2131.0,10,68.7
2023-09-01,East of England,23930.0,189923.0,1347.0,7,44.9
2023-09-01,London,113460.0,930653.34,7320.0,32,244.0
2023-09-01,Midlands,76888.0,629191.74,4890.0,24,163.0
2023-09-01,North East & Yorkshire,36788.0,300582.8,2370.0,18,79.0
2023-09-01,North West,59926.0,485663.18,3779.0,16,126.0
2023-09-01,South East,51610.0,413194.91000000003,3034.0,23,101.1
2023-09-01,South West,32534.0,258228.91,1920.0,9,64.0
2023-10-01,East of England,26440.0,212055.0,1544.0,7,49.8
2023-10-01,London,110584.0,908022.8,7325.5,31,236.3
2023-10-01,Midlands,74620.0,603781.8,4594.0,23,148.2
2023-10-01,North East & Yorkshire,34454.0,280499.3,2255.0,19,72.7
2023-10-01,North West,58143.0,467164.73,3538.7,16,114.2
2023-10-01,South East,50526.0,406299.09,3074.0,23,99.2
2023-10-01,South West,33072.0,263366.81,1953.0,10,63.0
2023-11-01,East of England,24350.0,195478.34,1427.0,8,47.6
2023-11-01,London,119824.2,983525.9,7735.8,32,257.9
2023-11-01,Midlands,80648.0,655245.38,5130.0,24,171.0
2023-11-01,North East & Yorkshire,35768.0,290694.72,2324.0,19,77.5
2023-11-01,North West,60002.0,484734.32999999996,3693.6,17,123.1
2023-11-01,South East,55872.0,447535.8,3304.0,23,110.1
2023-11-01,South West,33962.0,268115.77,1892.0,10,63.1
2023-12-01,East of England,22390.0,178194.37,1270.0,7,41.0
2023-12-01,London,109463.8,893960.43,6939.6,31,223.9
2023-12-01,Midlands,77098.0,630094.14,4941.0,25,159.4
2023-12-01,North East & Yorkshire,36184.0,291652.38,2262.0,18,73.0
2023-12-01,North West,57864.0,467772.81,3579.4,17,115.5
2023-12-01,South East,49471.0,398172.65,2987.1,23,96.4
2023-12-01,South West,31726.0,251946.53999999998,1839.0,9,59.3
2024-01-01,East of England,25140.0,199603.23,1413.0,7,45.6
2024-01-01,London,113856.0,927301.76,7136.0,31,230.2
2024-01-01,Midlands,76188.0,619638.6799999999,4810.0,26,155.2
2024-01-01,North East & Yorkshire,38446.0,312702.93,2402.0,17,77.5
2024-01-01,North West,61945.0,497700.94,3772.7,17,121.7
2024-01-01,South East,52022.0,419188.63,3140.0,23,101.3
2024-01-01,South West,37652.0,299567.96,2230.0,10,71.9
2024-02-01,East of England,24600.0,196946.59,1427.0,6,49.2
2024-02-01,London,125934.0,1028857.91,8048.8,31,277.5
2024-02-01,Midlands,81464.0,658515.47,5007.0,25,172.7
2024-02-01,North East & Yorkshire,38222.0,310012.18,2407.0,19,83.0
2024-02-01,North West,65296.0,525547.98,3987.2,17,137.5
2024-02-01,South East,53470.0,432502.25,3282.0,22,113.2
2024-02-01,South West,35202.0,279553.3,2053.0,11,70.8
2024-03-01,East of England,26910.0,214043.14,1531.0,6,49.4
2024-03-01,London,122838.5,1003671.52,7823.8,30,252.4
2024-03-01,Midlands,80334.0,655445.67,5084.0,26,164.0
2024-03-01,North East & Yorkshire,41134.0,333593.23,2572.0,18,83.0
2024-03-01,North West,65022.0,525909.65,4019.6,17,129.7
2024-03-01,South East,52848.0,423510.24,3116.0,25,100.5
2024-03-01,South West,34296.0,273070.43,2043.0,9,65.9
2024-04-01,East of England,24240.0,192479.03,1363.0,7,45.4
2024-04-01,London,119824.0,974552.11,7483.0,32,249.4
2024-04-01,Midlands,76600.0,624566.07,4839.0,24,161.3
2024-04-01,North East & Yorkshire,40410.0,330723.73,2596.0,19,86.5
2024-04-01,North West,60303.0,488233.97000000003,3767.9,17,125.6
2024-04-01,South East,58680.0,472219.54,3546.0,24,118.2
2024-04-01,South West,36960.0,293841.84,2180.0,10,72.7
2024-05-01,East of England,28410.0,225904.55,1606.0,7,51.8
2024-05-01,London,135668.0,1104498.94,8560.0,31,276.1
2024-05-01,Midlands,89140.0,725938.07,5557.0,24,179.3
2024-05-01,North East & Yorkshire,45612.0,370070.46,2820.0,18,91.0
2024-05-01,North West,72332.0,583255.12,4394.0,17,141.7
2024-05-01,South East,57192.0,457788.52,3388.0,23,109.3
2024-05-01,South West,37480.0,296454.56,2160.0,11,69.7
2024-06-01,East of England,26190.0,209704.27,1520.0,7,50.7
2024-06-01,London,122508.0,1000919.71,7805.0,31,260.2
2024-06-01,Midlands,81256.0,664544.93,5281.0,25,176.0
2024-06-01,North East & Yorkshire,37982.0,308308.5,2387.0,17,79.6
2024-06-01,North West,65785.0,531872.58,4029.9,17,134.3
2024-06-01,South East,59116.0,474691.92,3522.0,23,117.4
2024-06-01,South West,34170.0,269697.7,1985.0,10,66.2
2024-07-01,East of England,24690.0,195526.35,1374.0,7,44.3
2024-07-01,London,133596.0,1082192.6,8263.5,33,266.6
2024-07-01,Midlands,92632.0,756492.15,5999.0,25,193.5
2024-07-01,North East & Yorkshire,44188.0,361398.44,2878.0,18,92.8
2024-07-01,North West,67203.0,542208.14,4104.5,16,132.4
2024-07-01,South East,63642.0,508281.48000000004,3743.0,23,120.7
2024-07-01,South West,38488.0,305639.72000000003,2248.0,10,72.5
2024-08-01,East of England,21070.0,167059.17,1186.0,7,38.3
2024-08-01,London,121958.0,987871.97,7546.0,32,243.4
2024-08-01,Midlands,80538.0,657504.1799999999,5165.0,24,166.6
2024-08-01,North East & Yorkshire,32924.0,266696.74,2112.0,17,68.1
2024-08-01,North West,60621.0,489276.1,3693.4,17,119.1
2024-08-01,South East,60270.0,484094.74,3627.0,23,117.0
2024-08-01,South West,31360.0,248046.77000000002,1801.0,10,58.1
2024-09-01,East of England,20480.0,163042.55,1163.0,7,38.8
2024-09-01,London,119888.0,969574.27,7423.0,32,247.4
2024-09-01,Midlands,77620.0,633277.51,4929.0,24,164.3
2024-09-01,North East & Yorkshire,35650.0,292031.41000000003,2340.0,17,78.0
2024-09-01,North West,57986.0,467540.64999999997,3541.6,16,118.1
2024-09-01,South East,56258.0,452766.44,3375.0,23,112.5
2024-09-01,South West,31280.0,247576.93,1797.0,9,59.9
2024-10-01,East of England,19486.0,155020.65,1106.0,6,35.7
2024-10-01,London,128050.0,1031416.11,7794.0,32,251.4
2024-10-01,Midlands,84180.0,687578.72,5506.0,25,177.6
2024-10-01,North East & Yorkshire,36524.0,296701.11,2305.0,18,74.4
2024-10-01,North West,66560.0,538122.93,4092.5,16,132.0
2024-10-01,South East,59106.0,475589.20999999996,3560.0,24,114.8
2024-10-01,South West,33048.0,262291.9,1914.0,10,61.7
2024-11-01,East of England,16710.0,132407.47,932.0,7,31.1
2024-11-01,London,123384.0,995055.52,7584.0,33,252.8
2024-11-01,Midlands,81598.0,669539.22,5343.0,23,178.1
2024-11-01,North East & Yorkshire,35214.0,287463.14,2283.0,19,76.1
2024-11-01,North West,53462.0,432425.85,3307.6,15,110.3
2024-11-01,South East,57544.0,461664.9,3418.0,22,113.9
2024-11-01,South West,29826.0,237552.08,1791.0,10,59.7
2024-12-01,East of England,16470.0,131145.03,936.0,8,30.2
2024-12-01,London,121750.0,985003.09,7490.0,32,241.6
2024-12-01,Midlands,77054.0,629159.16,4933.0,24,159.1
2024-12-01,North East & Yorkshire,32808.0,266986.2,2136.0,19,68.9
2024-12-01,North West,55960.0,452604.75,3437.4,16,110.9
2024-12-01,South East,53152.0,429796.28,3296.0,23,106.3
2024-12-01,South West,29568.0,234757.25,1729.0,10,55.8
2025-01-01,East of England,16370.0,130594.5,937.0,7,30.2
2025-01-01,London,127518.0,1032071.63,7856.0,31,253.4
2025-01-01,Midlands,76402.0,619255.5599999999,4827.0,24,155.7
2025-01-01,North East & Yorkshire,37630.0,304101.19,2308.0,18,74.5
2025-01-01,North West,59090.0,478782.48000000004,3618.2,15,116.7
2025-01-01,South East,56758.0,455868.41,3379.5,23,109.0
2025-01-01,South West,31168.0,246102.86000000002,1790.0,10,57.7
2025-02-01,East of England,17380.0,138217.65,987.0,7,35.2
2025-02-01,London,119730.0,966337.18,7201.0,30,257.2
2025-02-01,Midlands,78092.0,638814.67,4985.0,25,178.0
2025-02-01,North East & Yorkshire,35242.0,287252.53,2252.0,19,80.4
2025-02-01,North West,55524.0,448661.57,3340.6,16,119.3
2025-02-01,South East,51066.0,408330.64,2995.0,23,107.0
2025-02-01,South West,27214.0,216799.26,1567.0,10,56.0
2025-03-01,East of England,16696.0,132751.78,946.0,6,30.5
2025-03-01,London,129414.0,1046115.35,7835.5,31,252.8
2025-03-01,Midlands,80954.0,657505.8200000001,4989.0,25,160.9
2025-03-01,North East & Yorkshire,38510.0,312137.49,2354.0,19,75.9
2025-03-01,North West,53975.0,435552.69,3233.1,16,104.3
2025-03-01,South East,59058.0,473292.31,3462.0,23,111.7
2025-03-01,South West,27018.0,213750.82,1513.0,10,48.8
2025-04-01,East of England,16006.0,126897.68,897.0,7,29.9
2025-04-01,London,127764.0,1031332.25,7687.0,29,256.2
2025-04-01,Midlands,80858.0,654419.59,4906.0,25,163.5
2025-04-01,North East & Yorkshire,35970.0,292329.66,2209.0,20,73.6
2025-04-01,North West,56847.0,458575.24,3391.7,16,113.1
2025-04-01,South East,60360.0,484218.83999999997,3544.0,23,118.1
2025-04-01,South West,27546.0,217690.12,1527.0,12,50.9
2025-05-01,East of England,18440.0,146943.39,1051.0,8,33.9
2025-05-01,London,131834.0,1063876.31,7910.0,30,255.2
2025-05-01,Midlands,81214.0,653958.54,4823.0,25,155.6
2025-05-01,North East & Yorkshire,41610.0,337955.18,2553.0,19,82.4
2025-05-01,North West,58799.0,474312.01,3508.7,16,113.2
2025-05-01,South East,58872.0,472729.42,3462.0,23,111.7
2025-05-01,South West,30096.0,237446.37,1653.0,10,53.3
2025-06-01,East of England,16230.0,129073.65,918.0,8,30.6
2025-06-01,London,132189.0,1069509.53,8008.5,30,267.0
2025-06-01,Midlands,85542.0,693342.13,5230.0,23,174.3
2025-06-01,North East & Yorkshire,36942.0,300913.63,2308.0,18,76.9
2025-06-01,North West,65048.0,525496.09,3944.2,15,131.5
2025-06-01,South East,56544.0,452703.22000000003,3282.0,23,109.4
2025-06-01,South West,27634.0,218420.21,1532.0,10,51.1
2025-07-01,East of England,17856.0,142726.68,1032.0,7,33.3
2025-07-01,London,141110.0,1143269.61,8574.0,31,276.6
2025-07-01,Midlands,84898.0,683882.63,5062.0,22,163.3
2025-07-01,North East & Yorkshire,41834.0,339064.82,2549.0,18,82.2
2025-07-01,North West,66124.0,533786.31,3965.0,15,127.9
2025-07-01,South East,63498.0,510877.44,3772.6,23,121.7
2025-07-01,South West,26560.0,209707.85,1461.0,9,47.1
2025-08-01,East of England,12290.0,98432.95,714.0,7,23.0
2025-08-01,London,117370.0,946814.3200000001,7011.0,29,226.2
2025-08-01,Midlands,75344.0,608011.79,4503.0,23,145.3
2025-08-01,North East & Yorkshire,33302.0,268909.38,1995.0,18,64.4
2025-08-01,North West,54172.0,438250.33,3269.4,15,105.5
2025-08-01,South East,51664.0,412717.82,2975.6,23,96.0
2025-08-01,South West,23100.0,182548.05,1275.0,10,41.1
2025-09-01,East of England,12080.0,95728.81999999999,674.0,7,22.5
2025-09-01,London,128818.0,1040993.48,7739.0,31,258.0
2025-09-01,Midlands,78490.0,631658.11,4646.0,22,154.9
2025-09-01,North East & Yorkshire,36180.0,292165.73,2167.0,18,72.2
2025-09-01,North West,51930.0,418420.33999999997,3085.0,17,102.8
2025-09-01,South East,59138.0,474534.32,3467.0,23,115.6
2025-09-01,South West,24898.0,196850.88999999998,1380.0,10,46.0
2025-10-01,East of England,15612.0,124513.86,893.5,7,28.8
2025-10-01,London,134420.0,1085373.62,8064.0,31,260.1
2025-10-01,Midlands,82104.0,659847.37,4837.0,23,156.0
2025-10-01,North East & Yorkshire,38520.0,311056.35,2307.0,19,74.4
2025-10-01,North West,63563.0,512711.6,3798.5,15,122.5
2025-10-01,South East,54962.0,440279.33,3196.0,23,103.1
2025-10-01,South West,28714.0,227300.18,1601.0,11,51.6
2025-11-01,East of England,15940.0,127094.71,910.5,7,30.4
2025-11-01,London,117794.0,949539.8,7011.0,32,233.7
2025-11-01,Midlands,72880.0,584811.52,4264.0,22,142.1
2025-11-01,North East & Yorkshire,36032.0,291561.27,2175.0,17,72.5
2025-11-01,North West,51480.0,413277.13,3021.0,16,100.7
2025-11-01,South East,52303.0,418158.41,3018.3,23,100.6
2025-11-01,South West,24790.0,195378.25,1354.0,11,45.1
2025-12-01,East of England,15600.0,125741.36,928.0,7,29.9
2025-12-01,London,118179.16,954835.96,7091.9,31,228.8
2025-12-01,Midlands,77280.0,621426.33,4557.0,22,147.0
2025-12-01,North East & Yorkshire,36220.0,293430.20999999996,2195.0,18,70.8
2025-12-01,North West,58159.5,468774.73,3477.1,17,112.2
2025-12-01,South East,56872.0,457416.73,3357.0,23,108.3
2025-12-01,South West,26020.0,205948.11,1445.0,10,46.6
2026-01-01,East of England,17230.0,138844.27,1024.0,8,33.0
2026-01-01,London,120686.0,972819.54,7180.6,30,231.6
2026-01-01,Midlands,71410.0,574817.72,4227.0,22,136.4
2026-01-01,North East & Yorkshire,36244.0,292666.62,2172.0,19,70.1
2026-01-01,North West,54260.0,435928.51,3189.0,14,102.9
2026-01-01,South East,52942.0,423341.61,3058.0,24,98.6
2026-01-01,South West,26710.0,210919.73,1470.0,11,47.4
